{
  "project_info": {
    "project_number": "24339516385",
    "project_id": "yasenchat-d0820",
    "storage_bucket": "yasenchat-d0820.appspot.com"
  },
  "client": [
    {
      "client_info": {
        "mobilesdk_app_id": "1:24339516385:android:9047573618da69c772e0a0",
        "android_client_info": {
          "package_name": "com.example.yasenchat"
        }
      },
      "oauth_client": [
        {
          "client_id": "24339516385-m2o3sngs0vk2q8ft6f08tma8dc4blup5.apps.googleusercontent.com",
          "client_type": 3
        }
      ],
      "api_key": [
        {
          "current_key": "AIzaSyC78WzUO7tLZ0yyEZu9E2lFeVjI9Yt6DR4"
        }
      ],
      "services": {
        "appinvite_service": {
          "other_platform_oauth_client": [
            {
              "client_id": "24339516385-m2o3sngs0vk2q8ft6f08tma8dc4blup5.apps.googleusercontent.com",
              "client_type": 3
            }
          ]
        }
      }
    }
  ],
  "configuration_version": "1"
}